X,Y,track_fid,track_seg_id,track_seg_point_id,ele,time,magvar,geoidheight,name,cmt,desc,src,link1_href,link1_text,link1_type,link2_href,link2_text,link2_type,sym,type,fix,sat,hdop,vdop,pdop,ageofdgpsdata,dgpsid
-98.759960125,29.388571486,"0","0","0",225.883,,,,,,,,,,,,,,,,,,,,,,
-98.759973496,29.388566206,"0","0","1",225.846,,,,,,,,,,,,,,,,,,,,,,
-98.75997836,29.388564093,"0","0","2",225.831,,,,,,,,,,,,,,,,,,,,,,
-98.759984442,29.388560924,"0","0","3",225.81,,,,,,,,,,,,,,,,,,,,,,
-98.759988091,29.38855881,"0","0","4",225.797,,,,,,,,,,,,,,,,,,,,,,
-98.759992957,29.388556697,"0","0","5",225.782,,,,,,,,,,,,,,,,,,,,,,
-98.75999782,29.388555641,"0","0","6",225.772,,,,,,,,,,,,,,,,,,,,,,
-98.760002688,29.38855247,"0","0","7",225.752,,,,,,,,,,,,,,,,,,,,,,
-98.760006337,29.388549296,"0","0","8",225.733,,,,,,,,,,,,,,,,,,,,,,
-98.760011196,29.388546121,"0","0","9",225.713,,,,,,,,,,,,,,,,,,,,,,
-98.760014841,29.388544005,"0","0","10",225.699,,,,,,,,,,,,,,,,,,,,,,
-98.760018487,29.38854083,"0","0","11",225.679,,,,,,,,,,,,,,,,,,,,,,
-98.760023346,29.388537655,"0","0","12",225.659,,,,,,,,,,,,,,,,,,,,,,
-98.760026992,29.388534481,"0","0","13",225.639,,,,,,,,,,,,,,,,,,,,,,
-98.76003185,29.388532364,"0","0","14",225.624,,,,,,,,,,,,,,,,,,,,,,
-98.760035496,29.388529189,"0","0","15",225.604,,,,,,,,,,,,,,,,,,,,,,
-98.760039143,29.388526014,"0","0","16",225.584,,,,,,,,,,,,,,,,,,,,,,
-98.760041575,29.388522839,"0","0","17",225.566,,,,,,,,,,,,,,,,,,,,,,
-98.760045222,29.388519664,"0","0","18",225.546,,,,,,,,,,,,,,,,,,,,,,
-98.760047657,29.388515431,"0","0","19",225.522,,,,,,,,,,,,,,,,,,,,,,
-98.76005127,29.388512254,"0","0","20",225.502,,,,,,,,,,,,,,,,,,,,,,
-98.760054835,29.388509076,"0","0","21",225.482,,,,,,,,,,,,,,,,,,,,,,
-98.760057159,29.388504842,"0","0","22",225.458,,,,,,,,,,,,,,,,,,,,,,
-98.760060692,29.388500613,"0","0","23",225.432,,,,,,,,,,,,,,,,,,,,,,
-98.7600618,29.388496389,"0","0","24",225.409,,,,,,,,,,,,,,,,,,,,,,
-98.760061764,29.388491109,"0","0","25",225.382,,,,,,,,,,,,,,,,,,,,,,
-98.760062996,29.388485827,"0","0","26",225.353,,,,,,,,,,,,,,,,,,,,,,
-98.760064226,29.388481601,"0","0","27",225.329,,,,,,,,,,,,,,,,,,,,,,
-98.760065455,29.388477374,"0","0","28",225.306,,,,,,,,,,,,,,,,,,,,,,
-98.760066685,29.388473146,"0","0","29",225.283,,,,,,,,,,,,,,,,,,,,,,
-98.760067915,29.388468918,"0","0","30",225.261,,,,,,,,,,,,,,,,,,,,,,
-98.760067925,29.38846469,"0","0","31",225.242,,,,,,,,,,,,,,,,,,,,,,
-98.760067938,29.388459405,"0","0","32",225.218,,,,,,,,,,,,,,,,,,,,,,
-98.760066729,29.388455177,"0","0","33",225.2,,,,,,,,,,,,,,,,,,,,,,
-98.760066744,29.388448834,"0","0","34",225.171,,,,,,,,,,,,,,,,,,,,,,
-98.760066755,29.388444604,"0","0","35",225.151,,,,,,,,,,,,,,,,,,,,,,
-98.760064325,29.388440378,"0","0","36",225.135,,,,,,,,,,,,,,,,,,,,,,
-98.760064345,29.388436145,"0","0","37",225.115,,,,,,,,,,,,,,,,,,,,,,
-98.760063141,29.388431914,"0","0","38",225.097,,,,,,,,,,,,,,,,,,,,,,
-98.760061938,29.388427683,"0","0","39",225.079,,,,,,,,,,,,,,,,,,,,,,
-98.760061976,29.388423441,"0","0","40",225.06,,,,,,,,,,,,,,,,,,,,,,
-98.760060779,29.388419206,"0","0","41",225.042,,,,,,,,,,,,,,,,,,,,,,
-98.76005958,29.388414971,"0","0","42",225.024,,,,,,,,,,,,,,,,,,,,,,
-98.760057156,29.388410741,"0","0","43",225.007,,,,,,,,,,,,,,,,,,,,,,
-98.760054732,29.38840651,"0","0","44",224.991,,,,,,,,,,,,,,,,,,,,,,
-98.760053532,29.388402274,"0","0","45",224.973,,,,,,,,,,,,,,,,,,,,,,
-98.76004867,29.388399106,"0","0","46",224.964,,,,,,,,,,,,,,,,,,,,,,
-98.760046258,29.388394868,"0","0","47",224.947,,,,,,,,,,,,,,,,,,,,,,
-98.760042623,29.388391692,"0","0","48",224.937,,,,,,,,,,,,,,,,,,,,,,
-98.760040211,29.388387453,"0","0","49",224.921,,,,,,,,,,,,,,,,,,,,,,
-98.760039016,29.388383211,"0","0","50",224.903,,,,,,,,,,,,,,,,,,,,,,
-98.760036604,29.38837897,"0","0","51",224.886,,,,,,,,,,,,,,,,,,,,,,
-98.760032973,29.388374732,"0","0","52",224.872,,,,,,,,,,,,,,,,,,,,,,
-98.760029336,29.388371554,"0","0","53",224.861,,,,,,,,,,,,,,,,,,,,,,
-98.760025699,29.388368376,"0","0","54",224.851,,,,,,,,,,,,,,,,,,,,,,
-98.760022057,29.388366261,"0","0","55",224.846,,,,,,,,,,,,,,,,,,,,,,
-98.760017201,29.388363087,"0","0","56",224.838,,,,,,,,,,,,,,,,,,,,,,
-98.760013561,29.388359911,"0","0","57",224.828,,,,,,,,,,,,,,,,,,,,,,
-98.760009916,29.388357797,"0","0","58",224.823,,,,,,,,,,,,,,,,,,,,,,
-98.760005054,29.388355686,"0","0","59",224.819,,,,,,,,,,,,,,,,,,,,,,
-98.76000141,29.388353572,"0","0","60",224.814,,,,,,,,,,,,,,,,,,,,,,
-98.759995327,29.388352528,"0","0","61",224.817,,,,,,,,,,,,,,,,,,,,,,
-98.759990466,29.388350418,"0","0","62",224.814,,,,,,,,,,,,,,,,,,,,,,
-98.759985606,29.388348308,"0","0","63",224.81,,,,,,,,,,,,,,,,,,,,,,
-98.759980742,29.38834726,"0","0","64",224.812,,,,,,,,,,,,,,,,,,,,,,
-98.759975879,29.388346213,"0","0","65",224.813,,,,,,,,,,,,,,,,,,,,,,
-98.759971013,29.388346227,"0","0","66",224.819,,,,,,,,,,,,,,,,,,,,,,
-98.759964932,29.388346246,"0","0","67",224.827,,,,,,,,,,,,,,,,,,,,,,
-98.759961281,29.388347318,"0","0","68",224.836,,,,,,,,,,,,,,,,,,,,,,
-98.759956415,29.388348394,"0","0","69",224.847,,,,,,,,,,,,,,,,,,,,,,
-98.759951547,29.388350531,"0","0","70",224.862,,,,,,,,,,,,,,,,,,,,,,
-98.759946683,29.388351606,"0","0","71",224.873,,,,,,,,,,,,,,,,,,,,,,
-98.759941827,29.388352672,"0","0","72",224.884,,,,,,,,,,,,,,,,,,,,,,
-98.759936964,29.388354805,"0","0","73",224.899,,,,,,,,,,,,,,,,,,,,,,
-98.759932103,29.388356938,"0","0","74",224.915,,,,,,,,,,,,,,,,,,,,,,
-98.759928449,29.388360139,"0","0","75",224.933,,,,,,,,,,,,,,,,,,,,,,
-98.75992359,29.38836227,"0","0","76",224.949,,,,,,,,,,,,,,,,,,,,,,
-98.759918739,29.388363334,"0","0","77",224.959,,,,,,,,,,,,,,,,,,,,,,
-98.759915089,29.388366532,"0","0","78",224.978,,,,,,,,,,,,,,,,,,,,,,
-98.75991023,29.388369728,"0","0","79",224.998,,,,,,,,,,,,,,,,,,,,,,
-98.759906587,29.388372915,"0","0","80",225.016,,,,,,,,,,,,,,,,,,,,,,
-98.759901734,29.388376103,"0","0","81",225.036,,,,,,,,,,,,,,,,,,,,,,
-98.759898093,29.388379288,"0","0","82",225.054,,,,,,,,,,,,,,,,,,,,,,
-98.759894455,29.388382471,"0","0","83",225.072,,,,,,,,,,,,,,,,,,,,,,
-98.759889607,29.388384598,"0","0","84",225.087,,,,,,,,,,,,,,,,,,,,,,
-98.759885963,29.388388858,"0","0","85",225.11,,,,,,,,,,,,,,,,,,,,,,
-98.759881119,29.388390986,"0","0","86",225.125,,,,,,,,,,,,,,,,,,,,,,
-98.759878695,29.388394168,"0","0","87",225.142,,,,,,,,,,,,,,,,,,,,,,
-98.759873853,29.388397347,"0","0","88",225.162,,,,,,,,,,,,,,,,,,,,,,
-98.759869014,29.388399465,"0","0","89",225.176,,,,,,,,,,,,,,,,,,,,,,
-98.759864175,29.388402642,"0","0","90",225.196,,,,,,,,,,,,,,,,,,,,,,
-98.759859338,29.388405818,"0","0","91",225.212,,,,,,,,,,,,,,,,,,,,,,
-98.759855712,29.388408993,"0","0","92",225.223,,,,,,,,,,,,,,,,,,,,,,
-98.759850878,29.388412167,"0","0","93",225.234,,,,,,,,,,,,,,,,,,,,,,
-98.759848462,29.388414283,"0","0","94",225.242,,,,,,,,,,,,,,,,,,,,,,
-98.759842422,29.388417454,"0","0","95",225.253,,,,,,,,,,,,,,,,,,,,,,
-98.7598388,29.388419568,"0","0","96",225.26,,,,,,,,,,,,,,,,,,,,,,
-98.759835179,29.388422739,"0","0","97",225.273,,,,,,,,,,,,,,,,,,,,,,
-98.759830352,29.388425908,"0","0","98",225.285,,,,,,,,,,,,,,,,,,,,,,
-98.759826733,29.388429073,"0","0","99",225.298,,,,,,,,,,,,,,,,,,,,,,
-98.759821905,29.388432233,"0","0","100",225.311,,,,,,,,,,,,,,,,,,,,,,
-98.759819492,29.388434339,"0","0","101",225.32,,,,,,,,,,,,,,,,,,,,,,
-98.759813456,29.388436444,"0","0","102",225.328,,,,,,,,,,,,,,,,,,,,,,
-98.759808629,29.38843855,"0","0","103",225.336,,,,,,,,,,,,,,,,,,,,,,
-98.759803803,29.388441708,"0","0","104",225.35,,,,,,,,,,,,,,,,,,,,,,
-98.759800183,29.388443813,"0","0","105",225.359,,,,,,,,,,,,,,,,,,,,,,
-98.759795357,29.388445918,"0","0","106",225.368,,,,,,,,,,,,,,,,,,,,,,
-98.759791724,29.388448011,"0","0","107",225.378,,,,,,,,,,,,,,,,,,,,,,
-98.759786869,29.388451147,"0","0","108",225.393,,,,,,,,,,,,,,,,,,,,,,
-98.759783225,29.388453238,"0","0","109",225.403,,,,,,,,,,,,,,,,,,,,,,
-98.759778363,29.388456378,"0","0","110",225.418,,,,,,,,,,,,,,,,,,,,,,
-98.759775934,29.388459531,"0","0","111",225.434,,,,,,,,,,,,,,,,,,,,,,
-98.759771067,29.388462675,"0","0","112",225.45,,,,,,,,,,,,,,,,,,,,,,
-98.759766196,29.388465822,"0","0","113",225.466,,,,,,,,,,,,,,,,,,,,,,
-98.759762543,29.388468975,"0","0","114",225.483,,,,,,,,,,,,,,,,,,,,,,
-98.759757663,29.388471071,"0","0","115",225.494,,,,,,,,,,,,,,,,,,,,,,
-98.759754004,29.388474228,"0","0","116",225.511,,,,,,,,,,,,,,,,,,,,,,
-98.759751567,29.388477389,"0","0","117",225.529,,,,,,,,,,,,,,,,,,,,,,
-98.759747908,29.388481605,"0","0","118",225.554,,,,,,,,,,,,,,,,,,,,,,
-98.759744244,29.388484766,"0","0","119",225.572,,,,,,,,,,,,,,,,,,,,,,
-98.759741803,29.388487931,"0","0","120",225.591,,,,,,,,,,,,,,,,,,,,,,
-98.75973814,29.388492152,"0","0","121",225.616,,,,,,,,,,,,,,,,,,,,,,
-98.759735697,29.38849532,"0","0","122",225.634,,,,,,,,,,,,,,,,,,,,,,
-98.759734483,29.388499545,"0","0","123",225.659,,,,,,,,,,,,,,,,,,,,,,
-98.759732038,29.38850377,"0","0","124",225.685,,,,,,,,,,,,,,,,,,,,,,
-98.75972959,29.388507997,"0","0","125",225.71,,,,,,,,,,,,,,,,,,,,,,
-98.759727141,29.388512226,"0","0","126",225.736,,,,,,,,,,,,,,,,,,,,,,
-98.759727144,29.388516453,"0","0","127",225.761,,,,,,,,,,,,,,,,,,,,,,
-98.759727148,29.388521736,"0","0","128",225.792,,,,,,,,,,,,,,,,,,,,,,
-98.759725925,29.388525965,"0","0","129",225.817,,,,,,,,,,,,,,,,,,,,,,
-98.75972593,29.388531248,"0","0","130",225.849,,,,,,,,,,,,,,,,,,,,,,
-98.759724749,29.388535467,"0","0","131",225.874,,,,,,,,,,,,,,,,,,,,,,
-98.759724786,29.388539682,"0","0","132",225.899,,,,,,,,,,,,,,,,,,,,,,
-98.759724822,29.388543895,"0","0","133",225.924,,,,,,,,,,,,,,,,,,,,,,
-98.759726073,29.388548105,"0","0","134",225.948,,,,,,,,,,,,,,,,,,,,,,
-98.759728539,29.38855231,"0","0","135",225.971,,,,,,,,,,,,,,,,,,,,,,
-98.759732209,29.388555459,"0","0","136",225.987,,,,,,,,,,,,,,,,,,,,,,
-98.759735885,29.388559658,"0","0","137",226.009,,,,,,,,,,,,,,,,,,,,,,
-98.759739543,29.388561753,"0","0","138",226.018,,,,,,,,,,,,,,,,,,,,,,
-98.759743206,29.388565951,"0","0","139",226.039,,,,,,,,,,,,,,,,,,,,,,
-98.759746831,29.388569115,"0","0","140",226.054,,,,,,,,,,,,,,,,,,,,,,
-98.759749251,29.388573331,"0","0","141",226.076,,,,,,,,,,,,,,,,,,,,,,
-98.759752874,29.388575444,"0","0","142",226.084,,,,,,,,,,,,,,,,,,,,,,
-98.759756501,29.388579662,"0","0","143",226.105,,,,,,,,,,,,,,,,,,,,,,
-98.759761333,29.38858283,"0","0","144",226.118,,,,,,,,,,,,,,,,,,,,,,
-98.759763753,29.388587047,"0","0","145",226.139,,,,,,,,,,,,,,,,,,,,,,
-98.759768585,29.388589163,"0","0","146",226.145,,,,,,,,,,,,,,,,,,,,,,
-98.759773419,29.388592332,"0","0","147",226.158,,,,,,,,,,,,,,,,,,,,,,
-98.759777044,29.388593394,"0","0","148",226.159,,,,,,,,,,,,,,,,,,,,,,
-98.759781879,29.388596564,"0","0","149",226.171,,,,,,,,,,,,,,,,,,,,,,
-98.759786715,29.388599736,"0","0","150",226.183,,,,,,,,,,,,,,,,,,,,,,
-98.759790338,29.388600802,"0","0","151",226.184,,,,,,,,,,,,,,,,,,,,,,
-98.75979638,29.388602931,"0","0","152",226.188,,,,,,,,,,,,,,,,,,,,,,
-98.759802422,29.388606118,"0","0","153",226.198,,,,,,,,,,,,,,,,,,,,,,
-98.759808468,29.38860825,"0","0","154",226.202,,,,,,,,,,,,,,,,,,,,,,
-98.759813306,29.388610378,"0","0","155",226.206,,,,,,,,,,,,,,,,,,,,,,
-98.759816936,29.388611446,"0","0","156",226.207,,,,,,,,,,,,,,,,,,,,,,
-98.759821778,29.388612518,"0","0","157",226.207,,,,,,,,,,,,,,,,,,,,,,
-98.759827832,29.388613594,"0","0","158",226.204,,,,,,,,,,,,,,,,,,,,,,
-98.759832676,29.388614666,"0","0","159",226.203,,,,,,,,,,,,,,,,,,,,,,
-98.759837523,29.38861468,"0","0","160",226.197,,,,,,,,,,,,,,,,,,,,,,
-98.759843583,29.388614698,"0","0","161",226.189,,,,,,,,,,,,,,,,,,,,,,
-98.759849644,29.388615775,"0","0","162",226.187,,,,,,,,,,,,,,,,,,,,,,
-98.759855708,29.388615793,"0","0","163",226.179,,,,,,,,,,,,,,,,,,,,,,
-98.75986056,29.388615807,"0","0","164",226.173,,,,,,,,,,,,,,,,,,,,,,
-98.759866627,29.388614766,"0","0","165",226.163,,,,,,,,,,,,,,,,,,,,,,
-98.759873909,29.388614787,"0","0","166",226.158,,,,,,,,,,,,,,,,,,,,,,
-98.75987998,29.388613745,"0","0","167",226.149,,,,,,,,,,,,,,,,,,,,,,
-98.759884834,29.388612688,"0","0","168",226.14,,,,,,,,,,,,,,,,,,,,,,
-98.759888474,29.38861163,"0","0","169",226.133,,,,,,,,,,,,,,,,,,,,,,
-98.759894542,29.388610572,"0","0","170",226.123,,,,,,,,,,,,,,,,,,,,,,
-98.759899395,29.388608455,"0","0","171",226.11,,,,,,,,,,,,,,,,,,,,,,
-98.759904248,29.388606338,"0","0","172",226.096,,,,,,,,,,,,,,,,,,,,,,
-98.759909101,29.388604221,"0","0","173",226.082,,,,,,,,,,,,,,,,,,,,,,
-98.759913954,29.388603164,"0","0","174",226.074,,,,,,,,,,,,,,,,,,,,,,
-98.759917593,29.388601046,"0","0","175",226.061,,,,,,,,,,,,,,,,,,,,,,
-98.759923661,29.388597876,"0","0","176",226.041,,,,,,,,,,,,,,,,,,,,,,
-98.759928518,29.388595767,"0","0","177",226.027,,,,,,,,,,,,,,,,,,,,,,
-98.759932163,29.388593657,"0","0","178",226.014,,,,,,,,,,,,,,,,,,,,,,
-98.759937023,29.388590491,"0","0","179",225.995,,,,,,,,,,,,,,,,,,,,,,
-98.759939457,29.388586268,"0","0","180",225.972,,,,,,,,,,,,,,,,,,,,,,
-98.759944319,29.388583102,"0","0","181",225.953,,,,,,,,,,,,,,,,,,,,,,
-98.759949181,29.388579934,"0","0","182",225.934,,,,,,,,,,,,,,,,,,,,,,
-98.759952827,29.388577823,"0","0","183",225.92,,,,,,,,,,,,,,,,,,,,,,
-98.759956478,29.388573598,"0","0","184",225.897,,,,,,,,,,,,,,,,,,,,,,
-98.759960127,29.38857043,"0","0","185",225.878,,,,,,,,,,,,,,,,,,,,,,
-98.759963779,29.388566204,"0","0","186",225.854,,,,,,,,,,,,,,,,,,,,,,
-98.759966215,29.388563034,"0","0","187",225.836,,,,,,,,,,,,,,,,,,,,,,
-98.75997108,29.388559864,"0","0","188",225.816,,,,,,,,,,,,,,,,,,,,,,
-98.759975947,29.388556694,"0","0","189",225.796,,,,,,,,,,,,,,,,,,,,,,
-98.759982028,29.388553523,"0","0","190",225.775,,,,,,,,,,,,,,,,,,,,,,
-98.759985681,29.388550352,"0","0","191",225.756,,,,,,,,,,,,,,,,,,,,,,
-98.759989334,29.38854718,"0","0","192",225.737,,,,,,,,,,,,,,,,,,,,,,
-98.759994203,29.388544008,"0","0","193",225.717,,,,,,,,,,,,,,,,,,,,,,
-98.759997852,29.388540834,"0","0","194",225.698,,,,,,,,,,,,,,,,,,,,,,
-98.76000271,29.388538717,"0","0","195",225.683,,,,,,,,,,,,,,,,,,,,,,
-98.760006358,29.388534483,"0","0","196",225.658,,,,,,,,,,,,,,,,,,,,,,
-98.760011218,29.388531308,"0","0","197",225.637,,,,,,,,,,,,,,,,,,,,,,
-98.760016078,29.388528133,"0","0","198",225.617,,,,,,,,,,,,,,,,,,,,,,
-98.760019725,29.388524957,"0","0","199",225.597,,,,,,,,,,,,,,,,,,,,,,
-98.760023371,29.388521782,"0","0","200",225.578,,,,,,,,,,,,,,,,,,,,,,
-98.760027018,29.388518607,"0","0","201",225.558,,,,,,,,,,,,,,,,,,,,,,
-98.760030666,29.388514373,"0","0","202",225.533,,,,,,,,,,,,,,,,,,,,,,
-98.760034236,29.388510135,"0","0","203",225.507,,,,,,,,,,,,,,,,,,,,,,
-98.760037807,29.388506958,"0","0","204",225.488,,,,,,,,,,,,,,,,,,,,,,
-98.760040139,29.388502727,"0","0","205",225.464,,,,,,,,,,,,,,,,,,,,,,
-98.760041281,29.388499556,"0","0","206",225.446,,,,,,,,,,,,,,,,,,,,,,
-98.760044749,29.388492167,"0","0","207",225.405,,,,,,,,,,,,,,,,,,,,,,
-98.760047152,29.388486889,"0","0","208",225.375,,,,,,,,,,,,,,,,,,,,,,
-98.760048379,29.388482665,"0","0","209",225.352,,,,,,,,,,,,,,,,,,,,,,
-98.760049607,29.38847844,"0","0","210",225.329,,,,,,,,,,,,,,,,,,,,,,
-98.760050833,29.38847527,"0","0","211",225.311,,,,,,,,,,,,,,,,,,,,,,
-98.760047206,29.388462597,"0","0","212",225.255,,,,,,,,,,,,,,,,,,,,,,
-98.760047217,29.388457314,"0","0","213",225.231,,,,,,,,,,,,,,,,,,,,,,
-98.760047227,29.388453088,"0","0","214",225.212,,,,,,,,,,,,,,,,,,,,,,
-98.760047239,29.388447804,"0","0","215",225.188,,,,,,,,,,,,,,,,,,,,,,
-98.760047241,29.388446747,"0","0","216",225.183,,,,,,,,,,,,,,,,,,,,,,
-98.76004605,29.388434066,"0","0","217",225.126,,,,,,,,,,,,,,,,,,,,,,
-98.760046055,29.388429839,"0","0","218",225.107,,,,,,,,,,,,,,,,,,,,,,
-98.760044847,29.388425612,"0","0","219",225.089,,,,,,,,,,,,,,,,,,,,,,
-98.760043647,29.388423494,"0","0","220",225.081,,,,,,,,,,,,,,,,,,,,,,
-98.760037641,29.388412902,"0","0","221",225.04,,,,,,,,,,,,,,,,,,,,,,
-98.760036447,29.388408666,"0","0","222",225.022,,,,,,,,,,,,,,,,,,,,,,
-98.760035253,29.388404429,"0","0","223",225.004,,,,,,,,,,,,,,,,,,,,,,
-98.760032841,29.388400193,"0","0","224",224.987,,,,,,,,,,,,,,,,,,,,,,
-98.760024377,29.388389604,"0","0","225",224.949,,,,,,,,,,,,,,,,,,,,,,
-98.760020742,29.388386429,"0","0","226",224.939,,,,,,,,,,,,,,,,,,,,,,
-98.760017112,29.388382193,"0","0","227",224.924,,,,,,,,,,,,,,,,,,,,,,
-98.760012255,29.38838008,"0","0","228",224.921,,,,,,,,,,,,,,,,,,,,,,
-98.760006196,29.388373729,"0","0","229",224.899,,,,,,,,,,,,,,,,,,,,,,
-98.760002558,29.388370555,"0","0","230",224.889,,,,,,,,,,,,,,,,,,,,,,
-98.759997695,29.388369506,"0","0","231",224.891,,,,,,,,,,,,,,,,,,,,,,
-98.759994048,29.388368454,"0","0","232",224.89,,,,,,,,,,,,,,,,,,,,,,
-98.759975804,29.388368501,"0","0","233",224.913,,,,,,,,,,,,,,,,,,,,,,
-98.759969725,29.388368517,"0","0","234",224.92,,,,,,,,,,,,,,,,,,,,,,
-98.75996486,29.388369589,"0","0","235",224.931,,,,,,,,,,,,,,,,,,,,,,
-98.759961211,29.388370659,"0","0","236",224.94,,,,,,,,,,,,,,,,,,,,,,
-98.759949049,29.388375989,"0","0","237",224.978,,,,,,,,,,,,,,,,,,,,,,
-98.759944187,29.38837812,"0","0","238",224.994,,,,,,,,,,,,,,,,,,,,,,
-98.759939326,29.38838025,"0","0","239",225.009,,,,,,,,,,,,,,,,,,,,,,
-98.75993568,29.388382377,"0","0","240",225.023,,,,,,,,,,,,,,,,,,,,,,
-98.759933251,29.388383441,"0","0","241",225.03,,,,,,,,,,,,,,,,,,,,,,
-98.75991986,29.3883941,"0","0","242",225.093,,,,,,,,,,,,,,,,,,,,,,
-98.759914999,29.388397298,"0","0","243",225.113,,,,,,,,,,,,,,,,,,,,,,
-98.759910141,29.388400493,"0","0","244",225.133,,,,,,,,,,,,,,,,,,,,,,
-98.7599065,29.388402623,"0","0","245",225.146,,,,,,,,,,,,,,,,,,,,,,
-98.759899223,29.388407935,"0","0","246",225.178,,,,,,,,,,,,,,,,,,,,,,
-98.759891958,29.38841323,"0","0","247",225.209,,,,,,,,,,,,,,,,,,,,,,
-98.75988591,29.388416406,"0","0","248",225.23,,,,,,,,,,,,,,,,,,,,,,
-98.759882282,29.388418523,"0","0","249",225.244,,,,,,,,,,,,,,,,,,,,,,
-98.759877448,29.388420638,"0","0","250",225.258,,,,,,,,,,,,,,,,,,,,,,
-98.759866574,29.388426975,"0","0","251",225.298,,,,,,,,,,,,,,,,,,,,,,
-98.759859329,29.388432243,"0","0","252",225.327,,,,,,,,,,,,,,,,,,,,,,
-98.759855708,29.388434349,"0","0","253",225.334,,,,,,,,,,,,,,,,,,,,,,
-98.75985088,29.388437508,"0","0","254",225.346,,,,,,,,,,,,,,,,,,,,,,
-98.759847259,29.388439613,"0","0","255",225.354,,,,,,,,,,,,,,,,,,,,,,
-98.759843638,29.388440666,"0","0","256",225.358,,,,,,,,,,,,,,,,,,,,,,
-98.759830364,29.388445928,"0","0","257",225.378,,,,,,,,,,,,,,,,,,,,,,
-98.759825537,29.388448032,"0","0","258",225.387,,,,,,,,,,,,,,,,,,,,,,
-98.759820712,29.388451189,"0","0","259",225.4,,,,,,,,,,,,,,,,,,,,,,
-98.759815887,29.388454346,"0","0","260",225.414,,,,,,,,,,,,,,,,,,,,,,
-98.759811063,29.388457503,"0","0","261",225.429,,,,,,,,,,,,,,,,,,,,,,
-98.759807445,29.388459607,"0","0","262",225.438,,,,,,,,,,,,,,,,,,,,,,
-98.75978933,29.388471163,"0","0","263",225.495,,,,,,,,,,,,,,,,,,,,,,
-98.759784476,29.388474307,"0","0","264",225.511,,,,,,,,,,,,,,,,,,,,,,
-98.759779618,29.388477453,"0","0","265",225.528,,,,,,,,,,,,,,,,,,,,,,
-98.759775973,29.388481657,"0","0","266",225.551,,,,,,,,,,,,,,,,,,,,,,
-98.759773541,29.388483759,"0","0","267",225.563,,,,,,,,,,,,,,,,,,,,,,
-98.759767458,29.388492177,"0","0","268",225.61,,,,,,,,,,,,,,,,,,,,,,
-98.759765024,29.38849639,"0","0","269",225.634,,,,,,,,,,,,,,,,,,,,,,
-98.759763807,29.388500604,"0","0","270",225.658,,,,,,,,,,,,,,,,,,,,,,
-98.759761372,29.388504819,"0","0","271",225.682,,,,,,,,,,,,,,,,,,,,,,
-98.759758934,29.388506927,"0","0","272",225.695,,,,,,,,,,,,,,,,,,,,,,
-98.759755282,29.388520634,"0","0","273",225.773,,,,,,,,,,,,,,,,,,,,,,
-98.759755285,29.388525904,"0","0","274",225.803,,,,,,,,,,,,,,,,,,,,,,
-98.759755287,29.38853012,"0","0","275",225.827,,,,,,,,,,,,,,,,,,,,,,
-98.759756508,29.388532225,"0","0","276",225.838,,,,,,,,,,,,,,,,,,,,,,
-98.759763781,29.388549082,"0","0","277",225.928,,,,,,,,,,,,,,,,,,,,,,
-98.759766195,29.388552247,"0","0","278",225.943,,,,,,,,,,,,,,,,,,,,,,
-98.759771016,29.38855542,"0","0","279",225.957,,,,,,,,,,,,,,,,,,,,,,
-98.759772226,29.38855542,"0","0","280",225.956,,,,,,,,,,,,,,,,,,,,,,
-98.759784278,29.388564951,"0","0","281",225.999,,,,,,,,,,,,,,,,,,,,,,
-98.759787894,29.388568131,"0","0","282",226.013,,,,,,,,,,,,,,,,,,,,,,
-98.75979394,29.388571307,"0","0","283",226.024,,,,,,,,,,,,,,,,,,,,,,
-98.75979878,29.388573424,"0","0","284",226.031,,,,,,,,,,,,,,,,,,,,,,
-98.75979999,29.38857448,"0","0","285",226.035,,,,,,,,,,,,,,,,,,,,,,
-98.759810884,29.388580827,"0","0","286",226.058,,,,,,,,,,,,,,,,,,,,,,
-98.759816936,29.388582948,"0","0","287",226.063,,,,,,,,,,,,,,,,,,,,,,
-98.75982299,29.388584015,"0","0","288",226.062,,,,,,,,,,,,,,,,,,,,,,
-98.759829046,29.388586137,"0","0","289",226.066,,,,,,,,,,,,,,,,,,,,,,
-98.759833891,29.388587202,"0","0","290",226.067,,,,,,,,,,,,,,,,,,,,,,
-98.759838738,29.388588268,"0","0","291",226.067,,,,,,,,,,,,,,,,,,,,,,
-98.759856921,29.388591472,"0","0","292",226.063,,,,,,,,,,,,,,,,,,,,,,
-98.75986056,29.388592535,"0","0","293",226.064,,,,,,,,,,,,,,,,,,,,,,
-98.759867835,29.388592531,"0","0","294",226.058,,,,,,,,,,,,,,,,,,,,,,
-98.759872685,29.388592528,"0","0","295",226.054,,,,,,,,,,,,,,,,,,,,,,
-98.759876323,29.388592526,"0","0","296",226.051,,,,,,,,,,,,,,,,,,,,,,
-98.759888472,29.388591531,"0","0","297",226.037,,,,,,,,,,,,,,,,,,,,,,
-98.759893328,29.388589422,"0","0","298",226.023,,,,,,,,,,,,,,,,,,,,,,
-98.75989697,29.388588367,"0","0","299",226.016,,,,,,,,,,,,,,,,,,,,,,
-98.759901828,29.388584145,"0","0","300",225.992,,,,,,,,,,,,,,,,,,,,,,
-98.759906686,29.388580979,"0","0","301",225.973,,,,,,,,,,,,,,,,,,,,,,
-98.759910331,29.388577811,"0","0","302",225.954,,,,,,,,,,,,,,,,,,,,,,
-98.759915191,29.388574644,"0","0","303",225.935,,,,,,,,,,,,,,,,,,,,,,
-98.759918837,29.388571476,"0","0","304",225.917,,,,,,,,,,,,,,,,,,,,,,
-98.759923698,29.388568307,"0","0","305",225.898,,,,,,,,,,,,,,,,,,,,,,
-98.75992856,29.388565138,"0","0","306",225.878,,,,,,,,,,,,,,,,,,,,,,
-98.759932209,29.388560912,"0","0","307",225.855,,,,,,,,,,,,,,,,,,,,,,
-98.759937072,29.388557742,"0","0","308",225.835,,,,,,,,,,,,,,,,,,,,,,
-98.75994072,29.388554572,"0","0","309",225.816,,,,,,,,,,,,,,,,,,,,,,
-98.759946799,29.388551401,"0","0","310",225.796,,,,,,,,,,,,,,,,,,,,,,
-98.759949233,29.388549287,"0","0","311",225.783,,,,,,,,,,,,,,,,,,,,,,
-98.759955315,29.388545059,"0","0","312",225.757,,,,,,,,,,,,,,,,,,,,,,
-98.759958966,29.388541886,"0","0","313",225.738,,,,,,,,,,,,,,,,,,,,,,
-98.759963835,29.388537656,"0","0","314",225.713,,,,,,,,,,,,,,,,,,,,,,
-98.759968702,29.388534483,"0","0","315",225.693,,,,,,,,,,,,,,,,,,,,,,
-98.759974786,29.38853131,"0","0","316",225.671,,,,,,,,,,,,,,,,,,,,,,
-98.759978439,29.388528136,"0","0","317",225.652,,,,,,,,,,,,,,,,,,,,,,
-98.759983304,29.388523902,"0","0","318",225.626,,,,,,,,,,,,,,,,,,,,,,
-98.759986951,29.388520726,"0","0","319",225.607,,,,,,,,,,,,,,,,,,,,,,
-98.7599906,29.388515433,"0","0","320",225.577,,,,,,,,,,,,,,,,,,,,,,
-98.759995456,29.388513315,"0","0","321",225.562,,,,,,,,,,,,,,,,,,,,,,
-98.759999044,29.388510135,"0","0","322",225.542,,,,,,,,,,,,,,,,,,,,,,
-98.760003861,29.388508017,"0","0","323",225.527,,,,,,,,,,,,,,,,,,,,,,
-98.760008657,29.388504841,"0","0","324",225.506,,,,,,,,,,,,,,,,,,,,,,
-98.760011004,29.388500611,"0","0","325",225.482,,,,,,,,,,,,,,,,,,,,,,
-98.760013348,29.388496386,"0","0","326",225.458,,,,,,,,,,,,,,,,,,,,,,
-98.760015711,29.388493219,"0","0","327",225.44,,,,,,,,,,,,,,,,,,,,,,
-98.760018051,29.388489001,"0","0","328",225.416,,,,,,,,,,,,,,,,,,,,,,
-98.760020389,29.388484787,"0","0","329",225.392,,,,,,,,,,,,,,,,,,,,,,
-98.760022819,29.388480566,"0","0","330",225.368,,,,,,,,,,,,,,,,,,,,,,
-98.760024042,29.388477399,"0","0","331",225.35,,,,,,,,,,,,,,,,,,,,,,
-98.760025269,29.388472121,"0","0","332",225.322,,,,,,,,,,,,,,,,,,,,,,
-98.760026496,29.388466841,"0","0","333",225.297,,,,,,,,,,,,,,,,,,,,,,
-98.760026507,29.388461562,"0","0","334",225.273,,,,,,,,,,,,,,,,,,,,,,
-98.760026515,29.388457338,"0","0","335",225.254,,,,,,,,,,,,,,,,,,,,,,
-98.760025306,29.388453116,"0","0","336",225.236,,,,,,,,,,,,,,,,,,,,,,
-98.760024097,29.388448893,"0","0","337",225.218,,,,,,,,,,,,,,,,,,,,,,
-98.760024106,29.388444668,"0","0","338",225.199,,,,,,,,,,,,,,,,,,,,,,
-98.760022884,29.388439395,"0","0","339",225.177,,,,,,,,,,,,,,,,,,,,,,
-98.760020425,29.388434132,"0","0","340",225.156,,,,,,,,,,,,,,,,,,,,,,
-98.760019186,29.388428867,"0","0","341",225.133,,,,,,,,,,,,,,,,,,,,,,
-98.760018001,29.38842358,"0","0","342",225.111,,,,,,,,,,,,,,,,,,,,,,
-98.76001682,29.388419344,"0","0","343",225.093,,,,,,,,,,,,,,,,,,,,,,
-98.760014418,29.388415111,"0","0","344",225.076,,,,,,,,,,,,,,,,,,,,,,
-98.760010796,29.388410882,"0","0","345",225.061,,,,,,,,,,,,,,,,,,,,,,
-98.760008393,29.388406647,"0","0","346",225.045,,,,,,,,,,,,,,,,,,,,,,
-98.76000476,29.388403478,"0","0","347",225.035,,,,,,,,,,,,,,,,,,,,,,
-98.759999898,29.388401377,"0","0","348",225.031,,,,,,,,,,,,,,,,,,,,,,
-98.759995037,29.388399276,"0","0","349",225.028,,,,,,,,,,,,,,,,,,,,,,
-98.75998898,29.388398219,"0","0","350",225.03,,,,,,,,,,,,,,,,,,,,,,
-98.759984128,29.388398225,"0","0","351",225.036,,,,,,,,,,,,,,,,,,,,,,
-98.759980476,29.388399294,"0","0","352",225.045,,,,,,,,,,,,,,,,,,,,,,
-98.759974397,29.388400368,"0","0","353",225.057,,,,,,,,,,,,,,,,,,,,,,
-98.759970746,29.388401438,"0","0","354",225.066,,,,,,,,,,,,,,,,,,,,,,
-98.759965866,29.388404635,"0","0","355",225.086,,,,,,,,,,,,,,,,,,,,,,
-98.759960989,29.388407829,"0","0","356",225.106,,,,,,,,,,,,,,,,,,,,,,
-98.759956123,29.38840996,"0","0","357",225.121,,,,,,,,,,,,,,,,,,,,,,
-98.759952479,29.388411028,"0","0","358",225.13,,,,,,,,,,,,,,,,,,,,,,
-98.759946406,29.388413159,"0","0","359",225.146,,,,,,,,,,,,,,,,,,,,,,
-98.759940342,29.38841423,"0","0","360",225.158,,,,,,,,,,,,,,,,,,,,,,
-98.759935486,29.388416358,"0","0","361",225.173,,,,,,,,,,,,,,,,,,,,,,
-98.759930632,29.388418484,"0","0","362",225.188,,,,,,,,,,,,,,,,,,,,,,
-98.759925786,29.388419551,"0","0","363",225.198,,,,,,,,,,,,,,,,,,,,,,
-98.759922151,29.388420616,"0","0","364",225.207,,,,,,,,,,,,,,,,,,,,,,
-98.759916099,29.388421683,"0","0","365",225.219,,,,,,,,,,,,,,,,,,,,,,
-98.75991126,29.388423798,"0","0","366",225.234,,,,,,,,,,,,,,,,,,,,,,
-98.759906425,29.388424857,"0","0","367",225.244,,,,,,,,,,,,,,,,,,,,,,
-98.75990038,29.388426972,"0","0","368",225.26,,,,,,,,,,,,,,,,,,,,,,
-98.759896754,29.388429084,"0","0","369",225.273,,,,,,,,,,,,,,,,,,,,,,
-98.759890714,29.388431194,"0","0","370",225.289,,,,,,,,,,,,,,,,,,,,,,
-98.759883467,29.388434358,"0","0","371",225.311,,,,,,,,,,,,,,,,,,,,,,
-98.759878637,29.388437519,"0","0","372",225.33,,,,,,,,,,,,,,,,,,,,,,
-98.759873809,29.388439624,"0","0","373",225.345,,,,,,,,,,,,,,,,,,,,,,
-98.759868981,29.388442782,"0","0","374",225.364,,,,,,,,,,,,,,,,,,,,,,
-98.759862947,29.388445939,"0","0","375",225.384,,,,,,,,,,,,,,,,,,,,,,
-98.759856913,29.388449095,"0","0","376",225.399,,,,,,,,,,,,,,,,,,,,,,
-98.75985088,29.388452252,"0","0","377",225.412,,,,,,,,,,,,,,,,,,,,,,
-98.759846055,29.388455408,"0","0","378",225.425,,,,,,,,,,,,,,,,,,,,,,
-98.759842436,29.388458565,"0","0","379",225.438,,,,,,,,,,,,,,,,,,,,,,
-98.759837611,29.388459615,"0","0","380",225.442,,,,,,,,,,,,,,,,,,,,,,
-98.759832788,29.388463823,"0","0","381",225.461,,,,,,,,,,,,,,,,,,,,,,
-98.759827965,29.38846803,"0","0","382",225.48,,,,,,,,,,,,,,,,,,,,,,
-98.759824348,29.388470133,"0","0","383",225.49,,,,,,,,,,,,,,,,,,,,,,
-98.759819524,29.388474336,"0","0","384",225.511,,,,,,,,,,,,,,,,,,,,,,
-98.759814699,29.388478539,"0","0","385",225.532,,,,,,,,,,,,,,,,,,,,,,
-98.759811076,29.38848274,"0","0","386",225.554,,,,,,,,,,,,,,,,,,,,,,
-98.759807448,29.388486941,"0","0","387",225.576,,,,,,,,,,,,,,,,,,,,,,
-98.759806234,29.388492196,"0","0","388",225.603,,,,,,,,,,,,,,,,,,,,,,
-98.759803812,29.3884964,"0","0","389",225.626,,,,,,,,,,,,,,,,,,,,,,
-98.759802598,29.388500606,"0","0","390",225.648,,,,,,,,,,,,,,,,,,,,,,
-98.759800174,29.388505865,"0","0","391",225.676,,,,,,,,,,,,,,,,,,,,,,
-98.759797749,29.388511126,"0","0","392",225.704,,,,,,,,,,,,,,,,,,,,,,
-98.759797743,29.388515336,"0","0","393",225.727,,,,,,,,,,,,,,,,,,,,,,
-98.759797736,29.388519546,"0","0","394",225.749,,,,,,,,,,,,,,,,,,,,,,
-98.759797729,29.388524811,"0","0","395",225.776,,,,,,,,,,,,,,,,,,,,,,
-98.75979893,29.388530076,"0","0","396",225.803,,,,,,,,,,,,,,,,,,,,,,
-98.759800134,29.388534289,"0","0","397",225.825,,,,,,,,,,,,,,,,,,,,,,
-98.759802548,29.388537447,"0","0","398",225.84,,,,,,,,,,,,,,,,,,,,,,
-98.759806159,29.388542723,"0","0","399",225.865,,,,,,,,,,,,,,,,,,,,,,
-98.759808562,29.388546948,"0","0","400",225.885,,,,,,,,,,,,,,,,,,,,,,
-98.759812179,29.388550119,"0","0","401",225.899,,,,,,,,,,,,,,,,,,,,,,
-98.759817008,29.38855329,"0","0","402",225.912,,,,,,,,,,,,,,,,,,,,,,
-98.759823045,29.388557521,"0","0","403",225.929,,,,,,,,,,,,,,,,,,,,,,
-98.75982909,29.388559637,"0","0","404",225.934,,,,,,,,,,,,,,,,,,,,,,
-98.759833926,29.388561753,"0","0","405",225.941,,,,,,,,,,,,,,,,,,,,,,
-98.759838765,29.388562811,"0","0","406",225.942,,,,,,,,,,,,,,,,,,,,,,
-98.759844815,29.388563868,"0","0","407",225.942,,,,,,,,,,,,,,,,,,,,,,
-98.759852076,29.388564925,"0","0","408",225.941,,,,,,,,,,,,,,,,,,,,,,
-98.759855706,29.388565984,"0","0","409",225.943,,,,,,,,,,,,,,,,,,,,,,
-98.759859337,29.388565983,"0","0","410",225.94,,,,,,,,,,,,,,,,,,,,,,
-98.759865386,29.388563861,"0","0","411",225.925,,,,,,,,,,,,,,,,,,,,,,
-98.759867805,29.38856386,"0","0","412",225.923,,,,,,,,,,,,,,,,,,,,,,
-98.75987506,29.388561739,"0","0","413",225.907,,,,,,,,,,,,,,,,,,,,,,
-98.759882316,29.388558574,"0","0","414",225.886,,,,,,,,,,,,,,,,,,,,,,
-98.759889588,29.388554379,"0","0","415",225.86,,,,,,,,,,,,,,,,,,,,,,
-98.759895653,29.388551234,"0","0","416",225.84,,,,,,,,,,,,,,,,,,,,,,
-98.759901723,29.388548087,"0","0","417",225.819,,,,,,,,,,,,,,,,,,,,,,
-98.759906575,29.388543874,"0","0","418",225.795,,,,,,,,,,,,,,,,,,,,,,
-98.759909001,29.388541766,"0","0","419",225.782,,,,,,,,,,,,,,,,,,,,,,
-98.759911419,29.388537542,"0","0","420",225.76,,,,,,,,,,,,,,,,,,,,,,
-98.759916274,29.388533326,"0","0","421",225.735,,,,,,,,,,,,,,,,,,,,,,
-98.759923569,29.388529116,"0","0","422",225.708,,,,,,,,,,,,,,,,,,,,,,
-98.759929649,29.388524899,"0","0","423",225.682,,,,,,,,,,,,,,,,,,,,,,
-98.759932073,29.388521731,"0","0","424",225.664,,,,,,,,,,,,,,,,,,,,,,
-98.759936928,29.388516452,"0","0","425",225.634,,,,,,,,,,,,,,,,,,,,,,
-98.75993936,29.388514341,"0","0","426",225.621,,,,,,,,,,,,,,,,,,,,,,
-98.75994788,29.388510119,"0","0","427",225.592,,,,,,,,,,,,,,,,,,,,,,
-98.759953965,29.388506951,"0","0","428",225.571,,,,,,,,,,,,,,,,,,,,,,
-98.759958828,29.38850378,"0","0","429",225.55,,,,,,,,,,,,,,,,,,,,,,
-98.759962451,29.388499553,"0","0","430",225.526,,,,,,,,,,,,,,,,,,,,,,
-98.759967283,29.388495327,"0","0","431",225.5,,,,,,,,,,,,,,,,,,,,,,
-98.759972087,29.388492161,"0","0","432",225.479,,,,,,,,,,,,,,,,,,,,,,
-98.759975661,29.388487943,"0","0","433",225.455,,,,,,,,,,,,,,,,,,,,,,
-98.759981635,29.388482677,"0","0","434",225.422,,,,,,,,,,,,,,,,,,,,,,
-98.75998399,29.388478468,"0","0","435",225.399,,,,,,,,,,,,,,,,,,,,,,
-98.759987583,29.388474258,"0","0","436",225.374,,,,,,,,,,,,,,,,,,,,,,
-98.759988805,29.388468985,"0","0","437",225.348,,,,,,,,,,,,,,,,,,,,,,
-98.759991241,29.388464764,"0","0","438",225.326,,,,,,,,,,,,,,,,,,,,,,
-98.759992461,29.388461598,"0","0","439",225.31,,,,,,,,,,,,,,,,,,,,,,
-98.759993683,29.388457377,"0","0","440",225.29,,,,,,,,,,,,,,,,,,,,,,
-98.759994884,29.388451053,"0","0","441",225.26,,,,,,,,,,,,,,,,,,,,,,
-98.759994866,29.388444733,"0","0","442",225.232,,,,,,,,,,,,,,,,,,,,,,
-98.759991204,29.388441584,"0","0","443",225.222,,,,,,,,,,,,,,,,,,,,,,
-98.759986326,29.38843844,"0","0","444",225.213,,,,,,,,,,,,,,,,,,,,,,
-98.759982673,29.388437399,"0","0","445",225.213,,,,,,,,,,,,,,,,,,,,,,
-98.759977803,29.388435309,"0","0","446",225.209,,,,,,,,,,,,,,,,,,,,,,
-98.759970509,29.388434279,"0","0","447",225.213,,,,,,,,,,,,,,,,,,,,,,
-98.759964439,29.388433243,"0","0","448",225.215,,,,,,,,,,,,,,,,,,,,,,
-98.759958389,29.388432196,"0","0","449",225.217,,,,,,,,,,,,,,,,,,,,,,
-98.759954761,29.388432199,"0","0","450",225.221,,,,,,,,,,,,,,,,,,,,,,
-98.759947506,29.388432204,"0","0","451",225.229,,,,,,,,,,,,,,,,,,,,,,
-98.759941463,29.388433259,"0","0","452",225.241,,,,,,,,,,,,,,,,,,,,,,
-98.759937839,29.388434312,"0","0","453",225.25,,,,,,,,,,,,,,,,,,,,,,
-98.759934212,29.388434315,"0","0","454",225.254,,,,,,,,,,,,,,,,,,,,,,
-98.759928166,29.388436426,"0","0","455",225.27,,,,,,,,,,,,,,,,,,,,,,
-98.759922113,29.388436439,"0","0","456",225.277,,,,,,,,,,,,,,,,,,,,,,
-98.759914853,29.388438559,"0","0","457",225.294,,,,,,,,,,,,,,,,,,,,,,
-98.759910018,29.388439619,"0","0","458",225.304,,,,,,,,,,,,,,,,,,,,,,
-98.759906394,29.388440673,"0","0","459",225.313,,,,,,,,,,,,,,,,,,,,,,
-98.759901562,29.388442781,"0","0","460",225.328,,,,,,,,,,,,,,,,,,,,,,
-98.759896732,29.388444889,"0","0","461",225.342,,,,,,,,,,,,,,,,,,,,,,
-98.759890694,29.38844805,"0","0","462",225.363,,,,,,,,,,,,,,,,,,,,,,
-98.759887072,29.388450156,"0","0","463",225.376,,,,,,,,,,,,,,,,,,,,,,
-98.759882242,29.388453315,"0","0","464",225.395,,,,,,,,,,,,,,,,,,,,,,
-98.759878621,29.388456472,"0","0","465",225.413,,,,,,,,,,,,,,,,,,,,,,
-98.759875002,29.388458576,"0","0","466",225.426,,,,,,,,,,,,,,,,,,,,,,
-98.759870177,29.388460679,"0","0","467",225.44,,,,,,,,,,,,,,,,,,,,,,
-98.759862941,29.388463832,"0","0","468",225.462,,,,,,,,,,,,,,,,,,,,,,
-98.759858116,29.388468038,"0","0","469",225.482,,,,,,,,,,,,,,,,,,,,,,
-98.759854499,29.388471192,"0","0","470",225.495,,,,,,,,,,,,,,,,,,,,,,
-98.759850881,29.388476445,"0","0","471",225.52,,,,,,,,,,,,,,,,,,,,,,
-98.759847264,29.388481698,"0","0","472",225.546,,,,,,,,,,,,,,,,,,,,,,
-98.759843646,29.38848485,"0","0","473",225.561,,,,,,,,,,,,,,,,,,,,,,
-98.759841235,29.388490103,"0","0","474",225.587,,,,,,,,,,,,,,,,,,,,,,
-98.759837616,29.388494304,"0","0","475",225.608,,,,,,,,,,,,,,,,,,,,,,
-98.759836407,29.388499557,"0","0","476",225.634,,,,,,,,,,,,,,,,,,,,,,
-98.759835198,29.388504812,"0","0","477",225.66,,,,,,,,,,,,,,,,,,,,,,
-98.759832781,29.388510068,"0","0","478",225.687,,,,,,,,,,,,,,,,,,,,,,
-98.759832778,29.388516377,"0","0","479",225.718,,,,,,,,,,,,,,,,,,,,,,
-98.759832775,29.388521637,"0","0","480",225.744,,,,,,,,,,,,,,,,,,,,,,
-98.759833979,29.388526897,"0","0","481",225.769,,,,,,,,,,,,,,,,,,,,,,
-98.759835182,29.38853111,"0","0","482",225.789,,,,,,,,,,,,,,,,,,,,,,
-98.7598388,29.388534272,"0","0","483",225.803,,,,,,,,,,,,,,,,,,,,,,
-98.759843627,29.388537436,"0","0","484",225.816,,,,,,,,,,,,,,,,,,,,,,
-98.759848457,29.388539546,"0","0","485",225.823,,,,,,,,,,,,,,,,,,,,,,
-98.759853288,29.388539545,"0","0","486",225.82,,,,,,,,,,,,,,,,,,,,,,
-98.759859326,29.388537433,"0","0","487",225.806,,,,,,,,,,,,,,,,,,,,,,
-98.759862948,29.388536377,"0","0","488",225.799,,,,,,,,,,,,,,,,,,,,,,
-98.759868981,29.388533213,"0","0","489",225.778,,,,,,,,,,,,,,,,,,,,,,
-98.759875012,29.388531103,"0","0","490",225.763,,,,,,,,,,,,,,,,,,,,,,
-98.759878627,29.388527942,"0","0","491",225.744,,,,,,,,,,,,,,,,,,,,,,
-98.759883455,29.38852479,"0","0","492",225.725,,,,,,,,,,,,,,,,,,,,,,
-98.759887082,29.388522692,"0","0","493",225.712,,,,,,,,,,,,,,,,,,,,,,
-98.759891918,29.388519542,"0","0","494",225.692,,,,,,,,,,,,,,,,,,,,,,
-98.759895551,29.388518495,"0","0","495",225.683,,,,,,,,,,,,,,,,,,,,,,
-98.759901606,29.388515344,"0","0","496",225.663,,,,,,,,,,,,,,,,,,,,,,
-98.759905244,29.388514295,"0","0","497",225.654,,,,,,,,,,,,,,,,,,,,,,
-98.7599113,29.38851114,"0","0","498",225.633,,,,,,,,,,,,,,,,,,,,,,
-98.759917364,29.388509037,"0","0","499",225.617,,,,,,,,,,,,,,,,,,,,,,
-98.759922215,29.388506931,"0","0","500",225.602,,,,,,,,,,,,,,,,,,,,,,
-98.75992706,29.388503771,"0","0","501",225.582,,,,,,,,,,,,,,,,,,,,,,
-98.759931905,29.38850061,"0","0","502",225.562,,,,,,,,,,,,,,,,,,,,,,
-98.759935532,29.388497449,"0","0","503",225.543,,,,,,,,,,,,,,,,,,,,,,
-98.759937939,29.388494288,"0","0","504",225.525,,,,,,,,,,,,,,,,,,,,,,
-98.759942785,29.388491127,"0","0","505",225.504,,,,,,,,,,,,,,,,,,,,,,
-98.759947631,29.388487964,"0","0","506",225.484,,,,,,,,,,,,,,,,,,,,,,
-98.759952479,29.388484801,"0","0","507",225.463,,,,,,,,,,,,,,,,,,,,,,
-98.75995855,29.388481635,"0","0","508",225.441,,,,,,,,,,,,,,,,,,,,,,
-98.759960941,29.388477425,"0","0","509",225.418,,,,,,,,,,,,,,,,,,,,,,
-98.759962123,29.38847427,"0","0","510",225.401,,,,,,,,,,,,,,,,,,,,,,
-98.759965742,29.388470059,"0","0","511",225.377,,,,,,,,,,,,,,,,,,,,,,
-98.759968159,29.388464792,"0","0","512",225.351,,,,,,,,,,,,,,,,,,,,,,
-98.759968145,29.388459529,"0","0","513",225.328,,,,,,,,,,,,,,,,,,,,,,
-98.759965707,29.388456377,"0","0","514",225.316,,,,,,,,,,,,,,,,,,,,,,
-98.759960859,29.388453223,"0","0","515",225.308,,,,,,,,,,,,,,,,,,,,,,
-98.759958434,29.38845112,"0","0","516",225.301,,,,,,,,,,,,,,,,,,,,,,
-98.759951173,29.388450072,"0","0","517",225.304,,,,,,,,,,,,,,,,,,,,,,
-98.759946335,29.388450075,"0","0","518",225.31,,,,,,,,,,,,,,,,,,,,,,
-98.759936642,29.388451143,"0","0","519",225.325,,,,,,,,,,,,,,,,,,,,,,
-98.759930585,29.38845431,"0","0","520",225.346,,,,,,,,,,,,,,,,,,,,,,
-98.759926953,29.388455368,"0","0","521",225.355,,,,,,,,,,,,,,,,,,,,,,
-98.759920901,29.388457482,"0","0","522",225.371,,,,,,,,,,,,,,,,,,,,,,
-98.759913641,29.388460648,"0","0","523",225.392,,,,,,,,,,,,,,,,,,,,,,
-98.759908804,29.388462757,"0","0","524",225.407,,,,,,,,,,,,,,,,,,,,,,
-98.759902759,29.388465919,"0","0","525",225.427,,,,,,,,,,,,,,,,,,,,,,
-98.759896718,29.38846908,"0","0","526",225.448,,,,,,,,,,,,,,,,,,,,,,
-98.759893094,29.388471185,"0","0","527",225.461,,,,,,,,,,,,,,,,,,,,,,
-98.759887055,29.388474344,"0","0","528",225.482,,,,,,,,,,,,,,,,,,,,,,
-98.759879812,29.388482754,"0","0","529",225.53,,,,,,,,,,,,,,,,,,,,,,
-98.759878607,29.388483805,"0","0","530",225.536,,,,,,,,,,,,,,,,,,,,,,
-98.759870168,29.388493257,"0","0","531",225.589,,,,,,,,,,,,,,,,,,,,,,
-98.759865346,29.388496408,"0","0","532",225.609,,,,,,,,,,,,,,,,,,,,,,
-98.759862935,29.38850166,"0","0","533",225.636,,,,,,,,,,,,,,,,,,,,,,
-98.759859319,29.388505861,"0","0","534",225.658,,,,,,,,,,,,,,,,,,,,,,
-98.759859319,29.388510064,"0","0","535",225.678,,,,,,,,,,,,,,,,,,,,,,
-98.759881013,29.388509011,"0","0","536",225.653,,,,,,,,,,,,,,,,,,,,,,
-98.75988584,29.388505862,"0","0","537",225.633,,,,,,,,,,,,,,,,,,,,,,
-98.759889462,29.388502711,"0","0","538",225.614,,,,,,,,,,,,,,,,,,,,,,
-98.759894292,29.388499559,"0","0","539",225.594,,,,,,,,,,,,,,,,,,,,,,
-98.759896709,29.388496407,"0","0","540",225.577,,,,,,,,,,,,,,,,,,,,,,
-98.759900334,29.388494304,"0","0","541",225.563,,,,,,,,,,,,,,,,,,,,,,
-98.759910006,29.388485891,"0","0","542",225.513,,,,,,,,,,,,,,,,,,,,,,
-98.759914844,29.388482733,"0","0","543",225.493,,,,,,,,,,,,,,,,,,,,,,
-98.759919684,29.388481678,"0","0","544",225.482,,,,,,,,,,,,,,,,,,,,,,
-98.759924525,29.388479571,"0","0","545",225.467,,,,,,,,,,,,,,,,,,,,,,
-98.759935426,29.3884743,"0","0","546",225.43,,,,,,,,,,,,,,,,,,,,,,
-98.759939062,29.388471139,"0","0","547",225.411,,,,,,,,,,,,,,,,,,,,,,
-98.759942698,29.388467977,"0","0","548",225.393,,,,,,,,,,,,,,,,,,,,,,
-98.759931795,29.388464832,"0","0","549",225.391,,,,,,,,,,,,,,,,,,,,,,
-98.759926952,29.38846589,"0","0","550",225.401,,,,,,,,,,,,,,,,,,,,,,
-98.75992211,29.388466948,"0","0","551",225.411,,,,,,,,,,,,,,,,,,,,,,
-98.75991606,29.388469059,"0","0","552",225.427,,,,,,,,,,,,,,,,,,,,,,
-98.75991364,29.388470113,"0","0","553",225.434,,,,,,,,,,,,,,,,,,,,,,
-98.759905175,29.388475379,"0","0","554",225.468,,,,,,,,,,,,,,,,,,,,,,
-98.759897922,29.388481692,"0","0","555",225.505,,,,,,,,,,,,,,,,,,,,,,
-98.759893089,29.388484848,"0","0","556",225.526,,,,,,,,,,,,,,,,,,,,,,
-98.759889467,29.388485901,"0","0","557",225.534,,,,,,,,,,,,,,,,,,,,,,
-98.759887051,29.388490105,"0","0","558",225.557,,,,,,,,,,,,,,,,,,,,,,
